{
	"credit": "Made with Blockbench",
	"parent": "minecraft:block/template_farmland",
	"textures": {
		"0": "block/dirt_moist",
		"1": "block/farmland_moist",
		"particle": "block/dirt_moist"
	},
	"elements": [
		{
			"from": [0, 0, 0],
			"to": [16, 15, 16],
			"faces": {
				"north": {"uv": [0, 0, 16, 15], "texture": "#0"},
				"east": {"uv": [0, 0, 16, 15], "texture": "#0"},
				"south": {"uv": [0, 0, 16, 15], "texture": "#0"},
				"west": {"uv": [0, 0, 16, 15], "texture": "#0"},
				"up": {"uv": [0, 0, 16, 16], "texture": "#0"},
				"down": {"uv": [0, 0, 16, 16], "texture": "#0"}
			}
		},
		{
			"from": [0, 15, 0],
			"to": [16, 15, 16],
			"faces": {
				"north": {"uv": [0, 0, 16, 0], "texture": "#missing"},
				"east": {"uv": [0, 0, 16, 0], "texture": "#missing"},
				"south": {"uv": [0, 0, 16, 0], "texture": "#missing"},
				"west": {"uv": [0, 0, 16, 0], "texture": "#missing"},
				"up": {"uv": [0, 0, 16, 16], "texture": "#1"},
				"down": {"uv": [0, 0, 16, 16], "texture": "#missing"}
			}
		}
	]
}