{
	"credit": "Made with Blockbench",
	"textures": {
		"2": "block/sandstone_balcony"
	},
	"elements": [
		{
			"from": [4, 12, 0],
			"to": [12, 16, 4],
			"faces": {
				"north": {"uv": [4, 0, 12, 4], "texture": "#2"},
				"east": {"uv": [6, 0, 10, 4], "texture": "#2"},
				"south": {"uv": [4, 0, 12, 4], "texture": "#2"},
				"west": {"uv": [6, 0, 10, 4], "texture": "#2"},
				"up": {"uv": [8, 11, 16, 15], "texture": "#2"},
				"down": {"uv": [8, 11, 16, 15], "texture": "#2"}
			}
		},
		{
			"from": [4, 0, 0],
			"to": [12, 2.5, 4],
			"faces": {
				"north": {"uv": [8, 4, 16, 6.5], "texture": "#2"},
				"east": {"uv": [12, 7, 16, 9.5], "texture": "#2"},
				"south": {"uv": [8, 0, 16, 2.5], "texture": "#2"},
				"west": {"uv": [12, 7, 16, 9.5], "texture": "#2"},
				"up": {"uv": [8, 12, 16, 16], "texture": "#2"},
				"down": {"uv": [8, 12, 16, 16], "texture": "#2"}
			}
		}
	]
}