{
	"credit": "Made with Blockbench",
	"parent": "block/block",
	"ambientocclusion": false,
	"textures": {
		"0": "block/sandstone_balcony",
		"particle": "block/sandstone_balcony"
	},
	"elements": [
		{
			"from": [4, 0, -4],
			"to": [12, 2.5, 4],
			"faces": {
				"north": {"uv": [0, 7, 8, 9.5], "texture": "#0"},
				"east": {"uv": [8, 7, 16, 9.5], "texture": "#0"},
				"south": {"uv": [0, 7, 8, 9.5], "texture": "#0"},
				"west": {"uv": [8, 7, 16, 9.5], "texture": "#0"},
				"up": {"uv": [0, 8, 8, 16], "texture": "#0"},
				"down": {"uv": [0, 8, 8, 16], "texture": "#0"}
			}
		},
		{
			"from": [4, 12, -4],
			"to": [12, 16, 4],
			"faces": {
				"north": {"uv": [4, 0, 12, 4], "texture": "#0"},
				"east": {"uv": [4, 0, 12, 4], "texture": "#0"},
				"south": {"uv": [4, 0, 12, 4], "texture": "#0"},
				"west": {"uv": [4, 0, 12, 4], "texture": "#0"},
				"up": {"uv": [0, 5, 8, 13], "texture": "#0"},
				"down": {"uv": [0, 5, 8, 13], "texture": "#0"}
			}
		},
		{
			"from": [5.75, 2.5, -2.25],
			"to": [10.25, 12, 2.25],
			"faces": {
				"north": {"uv": [12, 3, 16, 13], "texture": "#0"},
				"east": {"uv": [0, 3, 4, 13], "texture": "#0"},
				"south": {"uv": [4, 3, 8, 13], "texture": "#0"},
				"west": {"uv": [8, 3, 12, 13], "texture": "#0"},
				"up": {"uv": [6, 0, 10, 4], "texture": "#0"},
				"down": {"uv": [6, 12, 10, 16], "texture": "#0"}
			}
		},
		{
			"from": [4, 4, -4],
			"to": [12, 10.5, 4],
			"faces": {
				"north": {"uv": [8, 9, 16, 16], "texture": "#0"},
				"east": {"uv": [0, 9, 8, 16], "texture": "#0"},
				"south": {"uv": [8, 0, 16, 7], "texture": "#0"},
				"west": {"uv": [0, 0, 8, 7], "texture": "#0"},
				"up": {"uv": [4, 3, 12, 11], "texture": "#0"},
				"down": {"uv": [4, 3, 12, 11], "texture": "#0"}
			}
		},
		{
			"from": [4, 12, 12],
			"to": [12, 16, 20],
			"faces": {
				"north": {"uv": [4, 0, 12, 4], "texture": "#0"},
				"east": {"uv": [4, 0, 12, 4], "texture": "#0"},
				"south": {"uv": [4, 0, 12, 4], "texture": "#0"},
				"west": {"uv": [4, 0, 12, 4], "texture": "#0"},
				"up": {"uv": [0, 5, 8, 13], "texture": "#0"},
				"down": {"uv": [0, 5, 8, 13], "texture": "#0"}
			}
		},
		{
			"from": [5.75, 2.5, 13.75],
			"to": [10.25, 12, 18.25],
			"faces": {
				"north": {"uv": [12, 3, 16, 13], "texture": "#0"},
				"east": {"uv": [0, 3, 4, 13], "texture": "#0"},
				"south": {"uv": [4, 3, 8, 13], "texture": "#0"},
				"west": {"uv": [8, 3, 12, 13], "texture": "#0"},
				"up": {"uv": [6, 0, 10, 4], "texture": "#0"},
				"down": {"uv": [6, 12, 10, 16], "texture": "#0"}
			}
		},
		{
			"from": [4, 4, 12],
			"to": [12, 10.5, 20],
			"faces": {
				"north": {"uv": [8, 9, 16, 16], "texture": "#0"},
				"east": {"uv": [0, 9, 8, 16], "texture": "#0"},
				"south": {"uv": [8, 0, 16, 7], "texture": "#0"},
				"west": {"uv": [0, 0, 8, 7], "texture": "#0"},
				"up": {"uv": [4, 3, 12, 11], "texture": "#0"},
				"down": {"uv": [4, 3, 12, 11], "texture": "#0"}
			}
		},
		{
			"from": [4, 0, 12],
			"to": [12, 2.5, 20],
			"faces": {
				"north": {"uv": [0, 7, 8, 9.5], "texture": "#0"},
				"east": {"uv": [8, 7, 16, 9.5], "texture": "#0"},
				"south": {"uv": [0, 7, 8, 9.5], "texture": "#0"},
				"west": {"uv": [8, 7, 16, 9.5], "texture": "#0"},
				"up": {"uv": [0, 8, 8, 16], "texture": "#0"},
				"down": {"uv": [0, 8, 8, 16], "texture": "#0"}
			}
		},
		{
			"from": [4, 12, 4],
			"to": [12, 16, 12],
			"faces": {
				"north": {"uv": [4, 0, 12, 4], "texture": "#0"},
				"east": {"uv": [4, 0, 12, 4], "texture": "#0"},
				"south": {"uv": [4, 0, 12, 4], "texture": "#0"},
				"west": {"uv": [4, 0, 12, 4], "texture": "#0"},
				"up": {"uv": [8, 5, 16, 13], "texture": "#0"},
				"down": {"uv": [8, 5, 16, 13], "texture": "#0"}
			}
		},
		{
			"from": [4, 0, 4],
			"to": [12, 2.5, 12],
			"faces": {
				"north": {"uv": [8, 4, 16, 6.5], "texture": "#0"},
				"east": {"uv": [8, 7, 16, 9.5], "texture": "#0"},
				"south": {"uv": [8, 0, 16, 2.5], "texture": "#0"},
				"west": {"uv": [8, 7, 16, 9.5], "texture": "#0"},
				"up": {"uv": [8, 8, 16, 16], "texture": "#0"},
				"down": {"uv": [8, 8, 16, 16], "texture": "#0"}
			}
		}
	],
	"display": {
		"gui": {
			"rotation": [30, 135, 0],
			"scale": [0.625, 0.625, 0.625]
		},
		"fixed": {
			"rotation": [0, 90, 0],
			"scale": [0.5, 0.5, 0.5]
		}
	}
}