{
	"credit": "Made with Blockbench",
	"textures": {
		"particle": "block/sandstone_balcony",
		"texture": "block/sandstone_balcony"
	},
	"elements": [
		{
			"from": [4, 0, 4],
			"to": [12, 2.5, 12],
			"faces": {
				"north": {"uv": [0, 7, 8, 9.5], "texture": "#texture"},
				"east": {"uv": [8, 7, 16, 9.5], "texture": "#texture"},
				"south": {"uv": [0, 7, 8, 9.5], "texture": "#texture"},
				"west": {"uv": [8, 7, 16, 9.5], "texture": "#texture"},
				"up": {"uv": [0, 8, 8, 16], "texture": "#texture"},
				"down": {"uv": [0, 8, 8, 16], "texture": "#texture"}
			}
		},
		{
			"from": [4, 12, 4],
			"to": [12, 16, 12],
			"faces": {
				"north": {"uv": [4, 0, 12, 4], "texture": "#texture"},
				"east": {"uv": [4, 0, 12, 4], "texture": "#texture"},
				"south": {"uv": [4, 0, 12, 4], "texture": "#texture"},
				"west": {"uv": [4, 0, 12, 4], "texture": "#texture"},
				"up": {"uv": [0, 5, 8, 13], "texture": "#texture"},
				"down": {"uv": [0, 5, 8, 13], "texture": "#texture"}
			}
		},
		{
			"from": [5.75, 2.5, 5.75],
			"to": [10.25, 12, 10.25],
			"faces": {
				"north": {"uv": [12, 3, 16, 13], "texture": "#texture"},
				"east": {"uv": [0, 3, 4, 13], "texture": "#texture"},
				"south": {"uv": [4, 3, 8, 13], "texture": "#texture"},
				"west": {"uv": [8, 3, 12, 13], "texture": "#texture"},
				"up": {"uv": [6, 0, 10, 4], "texture": "#texture"},
				"down": {"uv": [6, 12, 10, 16], "texture": "#texture"}
			}
		},
		{
			"from": [4, 4, 4],
			"to": [12, 10.5, 12],
			"faces": {
				"north": {"uv": [8, 9, 16, 16], "texture": "#texture"},
				"east": {"uv": [0, 9, 8, 16], "texture": "#texture"},
				"south": {"uv": [8, 0, 16, 7], "texture": "#texture"},
				"west": {"uv": [0, 0, 8, 7], "texture": "#texture"},
				"up": {"uv": [4, 3, 12, 11], "texture": "#texture"},
				"down": {"uv": [4, 3, 12, 11], "texture": "#texture"}
			}
		}
	]
}